recipe_tag	coefficient
bias	0.49515174347264607
alfredo	0.05468100389924923
almond	0.026437525452910917
american	0.011642139947925323
appetizer	-0.03924506227418465
appetizers	0.017049084193269098
apple	-0.013317201847660165
asiancuisine	0.016727570282158398
asparagus	-0.02299522293630695
avocado	-0.043854873932016286
bacon	-0.3497432881677703
baked	0.0638208208877718
bakeddishes	-0.204339592544374
bakery	0.03387361189154962
baking	0.08852274905509698
beans	-0.022194850692436218
beef	0.03760319869997701
bellpeppers	0.020473951139791967
berries	0.030651675254552386
blackbeans	0.020473951139791967
blackvinegar	0.013450004396385646
blueberry	-0.006950315969593888
boiledeggs	-0.0017042281722222262
bokchoy	-0.0017042281722222262
braided	0.017827300555389496
bread	-0.009468137162564345
breaded	0.02987116971589606
breakfast	0.03515397324645317
breakfastpastry	-0.028592563004705217
brioche	-0.03394125745276136
broiling	-0.004432702759353705
brownies	0.11023753205486751
brownsugar	-0.057064589310009003
brunch	-0.003918244105661273
burger	-0.008889995145637994
burritos	0.15967311366397785
buttery	0.03672384530756594
cake	0.04186990497252665
carrots	-0.0017042281722222262
casserole	-0.0013510873804298833
celebration	0.028054665637433453
cheese	0.03262738958875633
cheesy	0.08733571542945523
cherry	-0.01278537333468101
chicken	0.08286552778067209
chickpeas	-0.008889995145637994
chilioil	0.006935115869271076
chilipowder	0.020473951139791967
chinese	0.022830195299490836
chinesecookingwine	-0.006514888527114571
chinesecuisine	0.03814163622166659
chocolate	0.05061043434456711
chocolatechip	-0.04025370321329172
chocolatecroissant	-0.028592563004705217
christmas	-0.023100372908444647
cilantro	0.0036746586732905977
cinnamon	0.011481270917579282
citrus	-0.011550186454222322
classic	0.03590177675530707
cloves	0.008776462651026381
cobbler	-0.0028922683867505863
cocoapowder	0.09628089706402518
coffee	0.03609471199097513
cold	0.022830195299490836
coldnoodles	0.0169215537831527
comfortfood	0.08219120564927251
condiment	-0.019509073905010537
cookies	-0.12346084226097787
corn	0.028054665637433453
cranberry	-0.09047661341295393
creamcheese	0.007096486325630629
creamy	-0.037546551189200514
crisp	0.03238949269050671
crispy	0.025830684360392438
croissant	0.03609471199097513
croissants	0.008014519964456002
crumble	0.04721155600584716
crust	0.008776462651026381
cucumber	0.0169215537831527
cumin	0.020473951139791967
cupcakes	-0.004442761652321312
custard	0.14363695507850122
custardy	0.018427914612944147
customizable	0.08903143702045041
danish	0.007096486325630629
dashibroth	0.037452806349075454
dates	-0.05795442252131311
decadent	0.08647023920339209
dessert	0.09385623070690725
dinner	-0.016284304793899817
dip	0.01847903405966661
donuts	-0.06140203017248514
easterneuropean	0.017827300555389496
easy	0.01425345901778341
easydinner	0.03810037206747288
egg	-0.053297454535021285
eggs	-0.009010754840458102
eggwhites	0.022381061650860425
fajitaseasoning	-0.0008404034472939849
fall	-0.032405315693186824
familyfriendly	0.036749284687043
fastfood	0.02987116971589606
fetacheese	0.013991845491566929
filling	0.054319217613606446
fingerfood	0.051956096167613854
flaky	0.0358775655620719
french	0.02992155314636928
frenchcuisine	0.11793570023176056
frenchpastry	0.04137576087781953
fresh	0.0043138794772908245
fried	0.029528818157632537
friedfood	0.04157188506197027
friedrice	-0.034712219406843964
fries	0.00886199387000975
frosting	0.03742714332020534
fruit	0.030383226120115188
fudgy	0.06864293864800258
gamedayfood	0.057109132945480263
ganache	-0.05441099209149853
garlic	0.03014683663722692
ginger	-0.006514888527114571
glutenfree	0.016994288631191363
goldenbrown	-0.03529627728636489
greenbeans	-0.04834953561147261
greenonion	0.03666172516434149
greenonions	0.1579688854917556
grill	-0.008889995145637994
grilled	-0.05637236304868492
grilling	-0.004432702759353705
groundbeef	0.0396240249207463
gruyere	0.034827613283067764
gruyerecheese	0.11790319201560974
guacamole	-0.002561302999938238
hamandcheese	0.007096486325630629
hamburger	-0.05229844772587738
handheld	0.08903143702045041
handtorndough	-0.021000365476258522
hawaii	-0.05229844772587738
hawaiian	-0.0636309929546157
healthy	0.027155225299120983
herbs	-0.03421596549814227
holiday	0.004954292728988808
homemade	0.017087353870357515
indulgent	-0.004442761652321312
italian	0.09926004285340528
italiancuisine	0.05468100389924923
jalapenos	0.00886199387000975
japanesecuisine	0.022845825481779637
juicy	-0.05599658152311748
ketchup	-0.05229844772587738
keto	-0.0065707003370822315
kidfriendly	0.051956096167613854
koreancuisine	-0.021000365476258522
laminateddough	0.03387361189154962
lasagna	0.08382234661482521
lattice	0.008776462651026381
lettuce	-0.04006907463252744
lime	0.010189547200405168
loadednachos	0.04824713907547051
lowcarb	-0.0065707003370822315
lunch	-0.016284304793899817
macandcheese	-0.055974465802144664
maple	-0.06140203017248514
maplesyrup	-0.02881053856829555
masa	0.028054665637433453
mayonnaise	-0.05229844772587738
meal	0.02987116971589606
mealprep	-0.04190835740130233
meat	0.056413891035437855
meatsauce	0.006040416165673457
mexican	0.169181268834613
mexicancuisine	0.14245463966420757
mexicanfood	0.04824713907547051
middleeastern	0.0878334723452592
miso	-0.0017042281722222262
muffins	-0.04190835740130233
mushroom	0.012963191454685405
mushrooms	-0.0017042281722222262
nachos	0.037366418748774166
noodles	0.023377447000802888
noodlesoup	-0.0017042281722222262
nori	-0.0636309929546157
numbing	0.01817674329816637
nutmeg	-0.04828812665898262
oat	-0.04154533466715064
oats	0.010311651194500279
onion	0.0497822277506389
onions	0.01963354769249798
onthego	-0.0636309929546157
oven	-0.028592563004705217
oysters	-0.05449289567550298
pacificislands	-0.05229844772587738
pancakes	-0.02881053856829555
parmesan	0.034827613283067764
partyfood	-0.0014177965865811576
pasta	0.0919261647848364
pastasauce	0.006040416165673457
pastry	0.06706888115135591
pastrycrust	0.0994752774026656
peach	0.03862259876621326
peanutbutter	0.05138377831104767
peanutdressing	0.03646774166334719
peanuts	0.013450004396385646
peppers	-0.0008404034472939849
pickledvegetables	-0.07766467909003454
pie	0.0204186025989517
piecrust	0.013991845491566929
pork	0.013450004396385646
porkbelly	-0.0017042281722222262
potatoes	0.15967311366397785
protein	-0.04190835740130233
puffpastry	-0.028592563004705217
quiche	0.026080006962114193
quick	-0.03571760000802355
ramen	-0.0017042281722222262
refreshing	0.02583090583735865
relish	-0.011550186454222322
rhubarb	0.02583090583735865
rice	-0.0636309929546157
ricevinegar	0.03666172516434149
rich	0.08647023920339209
ricotta	0.034606065873834725
salad	-0.008686684323436267
salsa	0.07951917335847919
salty	-0.055974465802144664
sandwich	-0.053297454535021285
sauce	-0.011550186454222325
savory	-0.00507058657686997
scallions	0.006935115869271076
scallops	-0.004073915322807542
seafood	-0.08399987923392274
sesame	0.022830195299490836
sesameoil	0.03666172516434149
sesameseeds	0.03666172516434149
shrimp	-0.004432702759353705
sichuancuisine	0.03162674769455202
sichuanpeppercorns	0.006935115869271076
sidedish	-0.05898621672408881
sidedishes	-0.04834953561147261
skewers	-0.004432702759353705
smoky	-0.1466832667321061
snack	0.0025636549355414207
snacks	-0.03948754174146286
sobanoodles	0.016727570282158398
soft	-0.03529627728636489
souffle	-0.07970966735700517
soup	-0.03390311817133212
sourcream	0.0007389454335217822
southern	0.021535244895855746
southerncuisine	-0.05449289567550298
soysauce	0.007180393454546376
spam	-0.11592944068049307
spices	-0.03421596549814227
spicy	0.07991666696243006
spicyfood	0.09606478073747325
spinach	0.02047754219802957
spring	0.07640820181454236
steamed	0.028054665637433453
stirfry	0.02469163182528094
strawberry	0.02583090583735865
streetfood	0.12742615289549292
stuffedpeppers	0.09606478073747325
summer	0.011168541485113124
sushi	-0.0636309929546157
sweet	-0.003013359908939379
sweetandsalty	-0.08320713904768615
sweetandsavory	-0.0902125687407807
sweettreat	0.007502148986269913
taco	-0.0184733123112458
tacos	0.039592680550233725
tangy	0.002730532928914002
tart	-0.011550186454222325
tea	0.03609471199097513
tempura	0.037452806349075454
tender	-0.00542510757046883
texmex	-0.0008404034472939849
thanksgiving	-0.023100372908444647
toast	-0.053297454535021285
tomato	-0.03114638650206527
tomatoes	0.0003692930475677862
tomatosauce	0.0552757595276558
tortilla	0.020473951139791967
tortillabowl	-0.0184733123112458
tortillachips	-0.026681113675537656
tortillas	0.15883271021668385
traditional	0.028054665637433453
twisted	0.017827300555389496
udonnoodles	0.037452806349075454
vanilla	0.022381061650860425
vanillaicecream	0.010311651194500279
vegan	0.09828653795139805
vegetables	0.020695616931439873
vegetarian	0.1401500283285876
warm	-0.028592563004705217
whippedcream	0.010311651194500279
winter	-0.032405315693186824
yeastdough	0.017827300555389496
