recipe_slug	rating
falafel	1.0
spamburger	0.0
bacon-fried-rice	0.0
chicken-fingers	0.75
apple-crisp	0.75
cranberry-apple-crisp	0.25
bacon-chocolate-chip-cookies	0.0
sujebi	0.5
pasta-primavera	1.0
ramen	0.75
brownies	1.0
bacon-wrapped-scallops	0.0
bacon-egg-muffins	0.0
breakfast-burritos	1.0
bolognese-sauce	0.75
croissants	0.75
bacon-souffle	0.0
souffle	0.75
chocolate-souffle	0.75
butter-croissants	0.75
pickled-green-beans	0.25
fried-oysters	0.25
peanut-butter-brownies	1.0
almond-chip-cookies	0.5
guacamole	1.0
brioche-bread	0.5
brioche-bread-with-chocolate	0.75
asparagus-quiche	0.75
asparagus-burger	0.5
ma-la-chicken	0.75
cold-noodles-with-tomatoes	0.75
tamales	1.0
enchiladas	1.0
tacos	1.0
burritos	1.0
peanut-butter-cupcakes	0.75
pickled-asparagus	0.25
chocolate-peanut-butter-cake	0.75
udon	0.75
vegetable-lasagna	1.0
maple-bacon-donuts	0.0
maple-bacon-pancakes	0.0
spinach-and-ricotta-stuffed-shells	0.5
quesadillas	1.0
pico-de-gallo	1.0
nachos	0.75
cold-soba-noodles-with-tomato-and-cucumber	0.75
fajitas	1.0
loaded-nachos	0.75
lasagna	1.0
chicken-nuggets	0.75
pain-au-chocolat	0.5
nacho-dip	0.75
nacho-salad	0.75
nacho-casserole	0.75
nacho-fries	0.75
tempura-udon	0.75
peach-crisp	0.75
apple-pie	0.75
blueberry-crisp	0.75
berry-crumble	0.75
strawberry-rhubarb-crisp	0.75
peach-cobbler	0.75
cranberry-sauce	0.25
cherry-cobbler	0.75
apple-crumble	0.75
chocolate-croissants	0.75
french-toast	0.5
chocolate-babka	1.0
cinnamon-babka	0.75
blueberry-crumble	0.75
spam-musubi	0.0
taco-salad	0.5
chiles-rellenos	1.0
almond-croissants	0.75
cranberry-relish	0.25
ma-la-beef	0.75
chocolate-cake	1.0
spinach-quiche	0.75
mushroom-quiche	0.75
quiche-lorraine	0.75
croissant-aux-amandes	0.75
danishes	0.75
spinach-and-feta-quiche	0.75
cold-sesame-noodles	0.75
soba-noodle-salad-with-peanut-dressing	0.75
dan-dan-noodles	0.75
vanilla-souffle	0.75
bacon-wrapped-dates	0.0
cherry-pie	0.75
berry-crisp	0.75
bacon-and-egg-breakfast-sandwich	0.0
bacon-wrapped-shrimp-skewers	0.0
bacon-wrapped-chicken	0.0
bacon-wrapped-asparagus	0.0
bacon-mac-and-cheese	0.0
chicken-alfredo-lasagna	1.0
classic-beef-lasagna	1.0
vegetarian-mushroom-lasagna	1.0
spinach-and-ricotta-lasagna	1.0
