recipe_slug	score_bound	reward
apple-crumble	7.483314773547883	0.75
ma-la-chicken	7.242588778272628	0.75
quesadillas	7.264733213334036	1.0
ramen	7.2903828182869095	0.75
spamburger	7.04675812956631	0.0
pain-au-chocolat	7.0047557099610085	0.5
bacon-fried-rice	7.00062405222524	0.0
chocolate-babka	6.896559581589047	1.0
nacho-fries	6.875643660363767	0.75
cranberry-sauce	6.721225251623552	0.25
guacamole	6.599573012393015	1.0
asparagus-quiche	6.5185344489303345	0.75
strawberry-rhubarb-crisp	6.44684197818741	0.75
apple-pie	6.436019028640278	0.75
asparagus-burger	6.389835155873156	0.5
cold-noodles-with-tomatoes	6.271697567448157	0.75
bacon-wrapped-asparagus	6.272506705244724	0.0
tamales	6.2657937115975555	1.0
brioche-bread	6.226365608473862	0.5
dan-dan-noodles	6.2193250757002065	0.75
taco-salad	6.18357753282632	0.5
mushroom-quiche	6.128214372388644	0.75
bacon-wrapped-chicken	6.023650373960128	0.0
fajitas	5.973786061428759	1.0
cranberry-apple-crisp	5.931724372280941	0.25
tacos	5.849686234325351	1.0
croissants	5.75459757620369	0.75
chicken-nuggets	5.732182196993217	0.75
spam-musubi	5.679271355541178	0.0
nacho-salad	5.668186266129875	0.75
bacon-mac-and-cheese	5.566371880279747	0.0
chocolate-peanut-butter-cake	5.559132862202592	0.75
sujebi	5.505033211968805	0.5
nachos	5.4748620037118725	0.75
spinach-quiche	5.471028042940097	0.75
croissant-aux-amandes	5.449385196181579	0.75
berry-crisp	5.433574713923205	0.75
souffle	5.315963513205746	0.75
danishes	5.303213516086628	0.75
cold-soba-noodles-with-tomato-and-cucumber	5.288023877395186	0.75
quiche-lorraine	5.267430261087233	0.75
bacon-wrapped-shrimp-skewers	5.236292892444725	0.0
vanilla-souffle	5.222136255957064	0.75
enchiladas	5.2105533007966445	1.0
spinach-and-ricotta-lasagna	5.102221723062651	1.0
cherry-pie	5.087700732817719	0.75
loaded-nachos	5.085132614375992	0.75
breakfast-burritos	5.05749203480318	1.0
ma-la-beef	5.010182661566411	0.75
brioche-bread-with-chocolate	4.976421731487408	0.75
udon	4.956181884880681	0.75
brownies	4.954467226839627	1.0
pickled-green-beans	4.861077793654751	0.25
bolognese-sauce	4.848363084868893	0.75
peanut-butter-cupcakes	4.818150460070328	0.75
bacon-egg-muffins	4.801633444204738	0.0
chiles-rellenos	4.78854466675706	1.0
apple-crisp	4.764721525683084	0.75
cold-sesame-noodles	4.75514454524803	0.75
chicken-alfredo-lasagna	4.739558933238777	1.0
spinach-and-feta-quiche	4.7191748833129274	0.75
tempura-udon	4.699284078253925	0.75
falafel	4.677196140976838	1.0
pico-de-gallo	4.6731788917088455	1.0
peach-cobbler	4.66091714447876	0.75
chicken-fingers	4.642777992139199	0.75
soba-noodle-salad-with-peanut-dressing	4.606308357020109	0.75
burritos	4.60714733012178	1.0
almond-croissants	4.548459932997208	0.75
maple-bacon-donuts	4.5124252587551865	0.0
fried-oysters	4.516448531094582	0.25
nacho-dip	4.472519040434841	0.75
almond-chip-cookies	4.457704948341934	0.5
nacho-casserole	4.418042077640576	0.75
classic-beef-lasagna	4.394587734116049	1.0
cranberry-relish	4.3652424992396	0.25
bacon-and-egg-breakfast-sandwich	4.347581202874004	0.0
french-toast	4.273326009879806	0.5
peach-crisp	4.276208254821437	0.75
pasta-primavera	4.251775308340345	1.0
bacon-wrapped-scallops	4.099950580060783	0.0
chocolate-croissants	4.07921795388787	0.75
lasagna	3.9936292797935495	1.0
pickled-asparagus	3.974727552118612	0.25
blueberry-crumble	3.955676370163545	0.75
vegetarian-mushroom-lasagna	3.949683948435731	1.0
maple-bacon-pancakes	3.8876058412585266	0.0
chocolate-cake	3.845638970009065	1.0
cherry-cobbler	3.803341859619426	0.75
bacon-wrapped-dates	3.784964845746766	0.0
peanut-butter-brownies	3.6530331684207082	1.0
spinach-and-ricotta-stuffed-shells	3.6504903373382174	0.5
bacon-chocolate-chip-cookies	3.614150003197085	0.0
blueberry-crisp	3.4530623402254816	0.75
cinnamon-babka	3.3946993200041464	0.75
chocolate-souffle	3.3147053322063478	0.75
berry-crumble	3.073090578640325	0.75
butter-croissants	3.0241081430260413	0.75
vegetable-lasagna	3.0087587485504397	1.0
quesadillas	2.8501626099152215	1.0
